{"loss": [0.6426334134340286, 0.5747639820456505, 0.5534482747137547, 0.5453909724235535, 0.5359386196017265, 0.5258949434697628, 0.5162645937740803, 0.5082962672114373, 0.5020112619400025, 0.4968209347426891, 0.4922326141297817, 0.4880246929168701, 0.4840965678632259, 0.48039190691709516, 0.4768362921655178, 0.47339857352375986, 0.4700370868325233, 0.46673246311545374, 0.46343497394323346, 0.46011061653494834, 0.45674141395688056, 0.4532876208603382, 0.4497330994963646, 0.44605416254997254, 0.44223460921645164, 0.4382468972682953, 0.4340668367385864, 0.4296709698915482, 0.4250601728916168, 0.4202156844675541, 0.41515067887902257, 0.40987633283138275, 0.4044283302307129, 0.3988102353096008, 0.39308431708812713, 0.38729435329437256, 0.38153225880265235, 0.3758544959962368, 0.3703565114736557, 0.36507893071174624, 0.3601185961991549, 0.35548740572035314, 0.3512028399884701, 0.3472583944290876, 0.34365606754124167, 0.34035293685495854, 0.33734235715270044, 0.33458480966687204, 0.3320677368164062, 0.3297353433787823], "binary_crossentropy": [0.6426334118618598, 0.5747639360213072, 0.5534482131265317, 0.5453908520638481, 0.535938459989937, 0.5258947322485951, 0.5162643265576203, 0.5082959414011458, 0.5020108753034179, 0.4968204847849926, 0.4922320988721738, 0.48802410846267397, 0.48409591186409134, 0.4803911755417468, 0.4768354852960495, 0.4733976859792641, 0.4700361146884241, 0.4667314072984116, 0.463433828775246, 0.4601093813388656, 0.4567400845971157, 0.45328619693614347, 0.4497315764642828, 0.44605253921177357, 0.44223288350762613, 0.43824506534679714, 0.43406489819401206, 0.4296689213567738, 0.4250580118147831, 0.4202134085356783, 0.4151482861660146, 0.4098738212263616, 0.40442569731389766, 0.3988074775561041, 0.3930814328170101, 0.387291340590002, 0.3815291144521535, 0.375851217433523, 0.37035309677609135, 0.3650753782533161, 0.360114902052055, 0.3554835686284368, 0.35119885841688314, 0.34725426504261536, 0.3436517884224604, 0.34034850597362776, 0.33733777222668293, 0.3345800674788139, 0.33206283565127276, 0.32973028200802357], "auc": [0.601776547105107, 0.6341473146311537, 0.6735362766356826, 0.6951446696874591, 0.7051372487580103, 0.7123161194730612, 0.7187700028175488, 0.7253746609475453, 0.7322037207125351, 0.7387850380085221, 0.7451352740972788, 0.7510376126929372, 0.7565980948299339, 0.7617435944585678, 0.7666526351021168, 0.7713055566152438, 0.7757163244573086, 0.7800545372990829, 0.7843022084306435, 0.7884184353938366, 0.7926361512046122, 0.7966742934862293, 0.8008567940544282, 0.8051622961157675, 0.809507773616682, 0.8138744339649722, 0.8182784384173958, 0.8228322594518471, 0.8274470584980976, 0.8321030653582033, 0.8369401618821252, 0.8417389376981861, 0.8464878154239712, 0.8512332848847382, 0.8558564053852308, 0.8604067819425051, 0.864737695311031, 0.868927513419123, 0.8728214319328538, 0.8764883398906262, 0.87992528830786, 0.8829069898600416, 0.8857291788655435, 0.8883292845669084, 0.8906083637619502, 0.8926567210915626, 0.8946479488261834, 0.89631788650394, 0.897813433810776, 0.8993686329484825], "val_binary_crossentropy": [0.6017611447675474, 0.5573585536638122, 0.5489903829443142, 0.5402899957792162, 0.5307704838738073, 0.5210421036426492, 0.5126496309648642, 0.5062565919813321, 0.5014089911327743, 0.4974955719563129, 0.4941699819077281, 0.4912825394381521, 0.48878234162507234, 0.48660984947092867, 0.4847221966827248, 0.48307926507335697, 0.481695098647123, 0.4805292657797228, 0.47957228764495047, 0.47880510818861155, 0.4782448139705425, 0.47789386273720474, 0.4777215914764523, 0.4777436097326188, 0.4779597980523813, 0.4783940762776507, 0.47904630233701073, 0.4799653083363336, 0.4811351569790565, 0.48256262964513036, 0.48420113882390403, 0.48615013165749144, 0.48834811708142944, 0.4908528814991535, 0.4935541980627786, 0.4966929479010957, 0.4999845860695961, 0.5034364998098788, 0.5071216991664838, 0.5108765325715708, 0.5151578240477155, 0.5191293084862177, 0.5228199158591311, 0.52672216987715, 0.5299575582200797, 0.5338263575755873, 0.5373270202312976, 0.5404396695487118, 0.5432167717390375, 0.5464632752445329], "val_auc": [0.6134643157635963, 0.6520312397836803, 0.6851024970058839, 0.6983657848176675, 0.7059441831697575, 0.7120888620337815, 0.7179455057263295, 0.7237356495411501, 0.7293094307567574, 0.7345048164447899, 0.7391646281953992, 0.7432574217990418, 0.746804506879476, 0.7498792795747999, 0.7525467381783677, 0.7548328582299055, 0.7567928724724082, 0.7584520510015387, 0.7598519228684447, 0.7610159934693403, 0.7619434001913739, 0.7626472911891914, 0.7631608030897039, 0.7634707480570369, 0.7635821847475798, 0.7634958415841999, 0.7632401932459628, 0.7627581171778455, 0.7620993147411235, 0.7612508502183682, 0.7602346032425165, 0.7590582908269841, 0.7576936337940794, 0.7561955334318282, 0.7545552387584873, 0.752772326922585, 0.7509542920900871, 0.7490506432173333, 0.7471275416467071, 0.7451193863970181, 0.7432358769408106, 0.7413779575977036, 0.7397208228852652, 0.7380766702628281, 0.7366894743180125, 0.7352294457344802, 0.7339356715914538, 0.73283062422456, 0.7317236929070483, 0.7308056152159241]}