{"loss": [0.6458196393450101, 0.5815488632073005, 0.5609990996917089, 0.5551729837954045, 0.5491788064589103, 0.5420165039300918, 0.5345470516482989, 0.5266528284798065, 0.5188604665696621, 0.5117145556559165, 0.5055063475718101, 0.5001875692953666, 0.4954977956712246, 0.4912514348824819, 0.4872933272123337, 0.48356638656556605, 0.4799548092335463, 0.47642468293011186, 0.47294770340124764, 0.46950588672359783, 0.46606919063131014, 0.4626219474722942, 0.45915105209002893, 0.45563246273001035, 0.4520731464525064, 0.4484604872415463, 0.4447756033465266, 0.4410160733560721, 0.437170967027545, 0.4332392537270983], "binary_crossentropy": [0.6458196376494896, 0.5815488016189001, 0.5609989842291124, 0.5551728094361804, 0.5491785499033536, 0.5420161636662031, 0.5345466052628496, 0.5266522693446194, 0.5188597885922913, 0.5117137520851478, 0.5055054143472819, 0.5001865035804388, 0.4954965965576304, 0.49125009603959485, 0.4872918438911093, 0.4835647579472184, 0.47995302813812896, 0.4764227468647885, 0.4729456066494328, 0.46950362443843535, 0.4660667606370733, 0.4626193426583583, 0.4591482705361782, 0.45562949937505953, 0.45206999821185656, 0.4484571496357371, 0.44477207270449604, 0.44101234631422553, 0.437167039565151, 0.43323512156946314], "auc": [0.5918519262257016, 0.6188520033333136, 0.657016884932784, 0.6875374791175712, 0.7041367952541673, 0.7143237787206528, 0.7213624587278825, 0.7259073233183013, 0.73053784709296, 0.7348425894840378, 0.7400827567775841, 0.7449461493139884, 0.7494391755890817, 0.7543949541834091, 0.7597026360930256, 0.764250981985649, 0.7689148051433975, 0.7734937760262678, 0.7779428450966668, 0.7823156162476522, 0.7867166926481506, 0.7904809765060393, 0.7947052362834535, 0.7991530144317809, 0.8031441369214244, 0.8068508549986392, 0.8116905105561585, 0.8153764025232537, 0.8191259121549501, 0.8234068411902449], "val_binary_crossentropy": [0.6065610183479876, 0.5632127515556534, 0.5557926216124556, 0.5502935036565862, 0.5440316591714482, 0.5369961170867459, 0.5297435147567542, 0.5223883262693955, 0.515589559533866, 0.509773605465392, 0.5050654842462277, 0.5011942206432044, 0.49799758400492505, 0.49527471223554387, 0.4929531387209714, 0.49084309076149796, 0.4889906214837093, 0.4873656620153179, 0.48595792866379556, 0.48472136490733136, 0.4836407587490237, 0.4827613727184086, 0.48205084494843, 0.4815050318857701, 0.4810981484288533, 0.4808770405895645, 0.4808138082792353, 0.48092168828233844, 0.48119208748576603, 0.4816761753331961], "val_auc": [0.5993675761714933, 0.6316283851375017, 0.6696444575028664, 0.6914104373962119, 0.7033125639697676, 0.7105071505544139, 0.715521885197219, 0.7195613176538015, 0.7232487540975083, 0.7268690446906649, 0.7304796643849646, 0.7340333732943151, 0.7374476489505016, 0.7406660257827771, 0.7436388396751181, 0.7463442196585739, 0.7487755435650645, 0.7509431225211909, 0.7528714092807658, 0.7545803049472057, 0.7560868932215318, 0.7573813550860963, 0.7584983417595301, 0.7594283567685787, 0.760219578466264, 0.7608297009234968, 0.7612862424955393, 0.7615970526204487, 0.7617698217516344, 0.7617989313830902]}