{"loss": [0.6508574812054634, 0.5927265728473663, 0.5628087310373783, 0.5540491490781307, 0.5490098030149937, 0.5433815810322762, 0.5373487434983254, 0.5308508616328239, 0.5242291922986507, 0.5179191178143024, 0.5122224015772343, 0.507279938030243, 0.5030527997374534, 0.49939115178585053, 0.4961479251146316, 0.4932199391841888, 0.49052715804576874, 0.4880289338886738, 0.48569201130270956, 0.483490704447031, 0.48140374983549117, 0.479417043530941, 0.47751375920772554, 0.47569527744054796, 0.47394937605261805, 0.4722573244512081, 0.4706205972015858, 0.46903627505898476, 0.4674910326004028, 0.4659820734322071, 0.46450695117115975, 0.4630624638199806, 0.4616381123363972, 0.4602331156730652, 0.45885002828240395, 0.4574803705573082, 0.4561190810501575, 0.4547657163023949, 0.45341942692399023, 0.4520795042693615, 0.45074144372344016, 0.449400426620245, 0.4480592780888081, 0.44671485190987587, 0.4453667472422123, 0.44401346045136453, 0.4426484187066555, 0.4412686130285263, 0.4398826956152916, 0.4384825151324272], "binary_crossentropy": [0.6508574790331525, 0.5927265154580609, 0.5628086273008381, 0.5540490023276219, 0.5490096022500663, 0.54338131617258, 0.5373484091816003, 0.5308504504298129, 0.5242286930574656, 0.5179185388411017, 0.5122217281067125, 0.5072791790066628, 0.5030519441670643, 0.4993902048993209, 0.4961468804915503, 0.49321879433441546, 0.49052591241667126, 0.48802758276103897, 0.48569055160630087, 0.48348913229544344, 0.4814020633391525, 0.47941523962692306, 0.47751183356325244, 0.4756932278869938, 0.47394719896057885, 0.4722550163229599, 0.4706181550615907, 0.469033696631212, 0.46748831424030884, 0.46597921141315685, 0.46450394370114284, 0.4630593071879532, 0.46163480373718657, 0.46022965207504796, 0.4588464056926915, 0.45747658681710274, 0.45611513255546743, 0.4547616005159134, 0.4534151411815479, 0.45207504606179594, 0.45073680890063833, 0.44939561292058716, 0.4480542826167689, 0.4467096719183353, 0.4453613798143512, 0.4440079027271897, 0.44264266815994296, 0.4412626659889998, 0.43987655078620636, 0.43847616903499476], "auc": [0.6037756308475694, 0.6252244199745975, 0.6492309870081785, 0.6749458723956504, 0.6905891149258471, 0.6990335367517573, 0.7045535680694477, 0.7091455467223119, 0.7134181218310865, 0.7177628413166274, 0.7220711374038555, 0.726536490676749, 0.7309821707287547, 0.7352358111609999, 0.7394012949710353, 0.7431967325678887, 0.7467001138141641, 0.7502532660149818, 0.7535196919841968, 0.7567127242714333, 0.7594800891296615, 0.7620951072212413, 0.7648577935450228, 0.767237806088124, 0.7696115343264275, 0.7718856724635965, 0.7739984149256186, 0.7761852143206024, 0.778194580123209, 0.7800477386734799, 0.7821024728893052, 0.7839312265635815, 0.7856996160633034, 0.7874046676672022, 0.7892502409960336, 0.7909972640918244, 0.7926969701644002, 0.7942282940109968, 0.7960271089907275, 0.7974799417893275, 0.7991595507881931, 0.8007079468038066, 0.8022613091283761, 0.8038881222122285, 0.8054171429685535, 0.8069538632585019, 0.8085119910481539, 0.8099405653762569, 0.8115884492236701, 0.8131200093662811], "val_binary_crossentropy": [0.6164515703802891, 0.5725585147871151, 0.5560227582881978, 0.5510489448710928, 0.545685062656275, 0.5399920486220852, 0.5338349681096808, 0.5273661728255279, 0.5210722873225855, 0.5153092110416752, 0.5103252226695986, 0.5061747807412448, 0.5027218406938785, 0.4997958120794179, 0.49726979286133466, 0.49504792236367856, 0.4930736392850082, 0.4912975018168058, 0.48969562348007567, 0.4882376009878697, 0.48691088203160116, 0.48569520222150525, 0.48458865786949434, 0.48357405421972155, 0.48264719098356135, 0.48180148344300694, 0.48103638611753374, 0.4803260995807899, 0.47968606541374564, 0.479106608978201, 0.47857898761094375, 0.478108554057017, 0.47768584252809426, 0.47730115122091055, 0.47696038437176086, 0.4766718643078936, 0.47640563032656, 0.4761914921888141, 0.47601138008148103, 0.4758722678743951, 0.4757521980020909, 0.4756700799487022, 0.47563872498891796, 0.475611172312185, 0.4756254562522533, 0.47566198026587253, 0.4757353486192353, 0.4758483466436811, 0.4759986885698622, 0.4761419739116098], "val_auc": [0.6125085481672237, 0.6327045760030923, 0.6599096885757834, 0.6817951154382937, 0.6929201155378922, 0.6994468171309463, 0.7041796673698874, 0.7083405410200257, 0.7123180426294443, 0.7163047336592795, 0.7202699975518616, 0.7241550404462513, 0.7278906545191262, 0.7313800666684903, 0.7346133614371211, 0.7375888075822917, 0.7403032003909227, 0.7427821498685995, 0.7450320571680753, 0.7470954882395305, 0.7489744035172066, 0.7506979119314399, 0.7522736508479002, 0.7537137606217688, 0.755032523823992, 0.7562462873312086, 0.7573589544276698, 0.7583843021506567, 0.7593252365666171, 0.7601872071272038, 0.7609752263496525, 0.761697215281514, 0.7623549735832151, 0.7629597515833214, 0.7635053685803496, 0.7639983402061006, 0.7644437503002801, 0.7648418613295769, 0.7651946193859315, 0.7655081633888278, 0.7657774196393186, 0.7660092139571097, 0.7662131708296829, 0.766375418477582, 0.7665068778492399, 0.7666072867113871, 0.7666708448614324, 0.7667147746269108, 0.7667221460505421, 0.7667013420901263]}