{"loss": [0.6457197070320447, 0.5811695483277242, 0.5610182436356942, 0.555389907365044, 0.5494831711451212, 0.5424230854312578, 0.5349996713002523, 0.5270748096356789, 0.519297219534715, 0.5122825848211845, 0.5062878827055295, 0.5011904783844948, 0.4966927842249473, 0.49259587795535725, 0.48874224537611005, 0.48508306514223415, 0.4815139064639807, 0.47800483741859595, 0.4745362053215504, 0.471094510987401, 0.4676497346684337, 0.46419046302636463, 0.46070610951880614, 0.4571758442769448, 0.45360611426333586, 0.44998676394919557, 0.4462936890448133, 0.44252247240394355, 0.43866492435584464, 0.4347150375942389], "binary_crossentropy": [0.6457196929691874, 0.5811694662355557, 0.561018100149025, 0.5553896977215211, 0.5494828831022873, 0.5424226986039874, 0.5349991790683368, 0.5270742026319518, 0.5192964916382754, 0.5122817296209465, 0.5062868964972999, 0.5011893579016046, 0.49669152766344493, 0.49259448005907475, 0.48874070108016304, 0.48508137344857605, 0.4815120592234115, 0.4780028308852632, 0.47453403767505303, 0.47109217410441845, 0.46764722722181123, 0.46418777909632186, 0.4607032454698899, 0.45717279577353226, 0.4536028778937758, 0.4499833359782707, 0.44629006566923635, 0.4425186494434651, 0.4386608990448467, 0.4347108051974028], "auc": [0.5919858924135595, 0.619072285058863, 0.657009313281571, 0.6870548003794807, 0.7034510305418165, 0.713401375486262, 0.7203756836285392, 0.7248809221140813, 0.7295286456876053, 0.7336135301422467, 0.7389005910053462, 0.743660149131652, 0.7481348318604584, 0.7530081252405373, 0.7582326753295408, 0.7628060643378259, 0.7674356398876537, 0.771927581091841, 0.7765531569326537, 0.7808048569537238, 0.7851645425998198, 0.7890917491474422, 0.7932758985624023, 0.7977393080392686, 0.8018048930892169, 0.8054453417856445, 0.8103984504954642, 0.8139422746859679, 0.8178834256130033, 0.822110139158925], "val_binary_crossentropy": [0.6062287113734423, 0.5630258693733189, 0.5559125290508551, 0.5505694688786384, 0.5441742317125333, 0.5373780315053408, 0.5300734640358661, 0.5226560635981268, 0.5158742210770576, 0.5101844840972224, 0.5056373830166652, 0.5019125620024021, 0.49882160092075895, 0.49615329813261627, 0.4938367687511817, 0.49172679611705067, 0.4898444671763585, 0.48817265364339374, 0.48669769940321195, 0.48538880736386153, 0.4842381382888248, 0.48327794462420776, 0.4824806402718973, 0.481855114686555, 0.4813742016803375, 0.4810704014623522, 0.4809343251051522, 0.48095768053843435, 0.481155599470719, 0.4815341880602106], "val_auc": [0.5995309114510753, 0.6318092533355169, 0.669339661343977, 0.6908743617526296, 0.7028325221220804, 0.7100897443687053, 0.7151495791815634, 0.7192012211443786, 0.7228697498527721, 0.726446047163593, 0.730016620455215, 0.7335213163421439, 0.7369004621100951, 0.7401137937533036, 0.74310378199079, 0.7458270777711736, 0.7482926331310745, 0.7505137830507773, 0.752500826361308, 0.7542711061145426, 0.755834230301744, 0.7571913161045991, 0.758375072612735, 0.7593707691551033, 0.7602209126791515, 0.7608949092201408, 0.7614081333941309, 0.7617768205074499, 0.7619982643897658, 0.762073733486936]}