{"loss": [0.6220018037954966, 0.5653799018412828, 0.5566140674849351, 0.5469060868769884, 0.5354263475934664, 0.5234299462437629, 0.5128601463884115, 0.5044460332145294, 0.49758705352743465, 0.4916752201368411, 0.48621285493175187, 0.4809964166233937, 0.4758963662932316, 0.4708412065654993, 0.46575599590688943, 0.46063091258704664, 0.4554376742045085, 0.4501412031253179, 0.4447195654734969, 0.43917358377575877, 0.43349996268252533, 0.42766988984992105, 0.42167480604847274, 0.4155275599832336, 0.40928236091385284, 0.40289967703074214, 0.3964549019386371, 0.3899968457793196, 0.38352204208076, 0.3771220496445894], "binary_crossentropy": [0.6220018006200853, 0.5653798403578891, 0.5566139667233244, 0.546905925269257, 0.5354261094895341, 0.5234296227025639, 0.5128597369549149, 0.5044455285706406, 0.497586453752569, 0.4916745224391573, 0.48621205278833957, 0.4809955064878697, 0.47589534387553933, 0.4708400670675974, 0.4657547356329334, 0.4606295274760699, 0.45543615860627573, 0.4501395542382208, 0.444717779589405, 0.43917165754396137, 0.43349789056215837, 0.42766767100285114, 0.42167243460742065, 0.4155250334358146, 0.4092796745498217, 0.4028968284835167, 0.39645188632007483, 0.389993660772932, 0.3835186831709535, 0.377118513317543], "auc": [0.5993205619260294, 0.652993079559704, 0.69105984077273, 0.7076261446842309, 0.7161678344571039, 0.7229485983372717, 0.7300113479764947, 0.737060161457492, 0.7445441426922165, 0.7522011016423027, 0.7592683724953603, 0.7662329326456461, 0.7729230474408699, 0.7794909661721834, 0.7858371023645029, 0.7925583325240664, 0.7987207026048463, 0.8045272984410021, 0.8104360889491842, 0.8170546187184976, 0.8228838429666969, 0.8291454828492473, 0.8341303492595414, 0.8405084328177154, 0.8456532854975617, 0.8515115357806952, 0.856580833733246, 0.8619760330252244, 0.8670897972991043, 0.8718303215380665], "val_binary_crossentropy": [0.5733225124207125, 0.5584041224935706, 0.550062742456959, 0.539899175851733, 0.5285730455294022, 0.5180741150538087, 0.509945251008166, 0.5040544454273068, 0.49959548953662214, 0.49603305677070414, 0.493075743382408, 0.490505729693175, 0.4883126055655371, 0.4865035440798613, 0.48502636030688584, 0.48391979278092395, 0.48311446064533337, 0.4826373122503792, 0.4825462414707238, 0.48285781646970843, 0.4832963881590406, 0.4842355593411968, 0.4856834287171237, 0.48730973194094795, 0.48941544942148296, 0.49196957845453343, 0.4945821701074106, 0.4976497739710736, 0.5010476127815138, 0.5046502267003896], "val_auc": [0.6212589526320975, 0.6724554621966761, 0.696046466605354, 0.7061794506234149, 0.7124411227308001, 0.7177502411818549, 0.7230108816109837, 0.7282632991596997, 0.7333041639015372, 0.7379216330827965, 0.7420102944492264, 0.745586538288592, 0.7486489754868326, 0.7512284004551579, 0.753410015239359, 0.7551642935881393, 0.7565604452930308, 0.7576257596684637, 0.758345103148842, 0.7587360283827078, 0.7588693833325395, 0.7586941279216586, 0.7582134998895694, 0.7575140203399388, 0.756624919000539, 0.7555071731468186, 0.7542877649033579, 0.7529113047052168, 0.7513870302466823, 0.7499042384855816]}